id,ФИО
1,Анна Соколова
2,Иван Петров
3,Мария Кузнецова
4,Дмитрий Смирнов
5,Екатерина Иванова
6,Андрей Волков
7,Ольга Попова
8,Сергей Лебедев
9,Наталья Морозова
10,Алексей Новиков
11,Юлия Федорова
12,Павел Михайлов
13,Татьяна Васильева
14,Владимир Павлов
15,Светлана Семенова
16,Константин Голубев
17,Елена Виноградова
18,Артем Сорокин
19,Кирилл Зайцев
20,Виктория Павлова
21,Михаил Козлов
22,Алина Макарова
23,Роман Андреев
24,Вера Крылова
25,Игорь Комаров
26,Людмила Королева
27,Даниил Григорьев
28,Полина Медведева
29,Степан Никитин
30,Ксения Жукова
31,Георгий Беляев
32,Евгения Денисова
33,Николай Щербаков
34,Анастасия Афанасьева
35,Руслан Тимофеев
36,Дарья Антонова
37,Максим Савельев
38,Ирина Тихонова
39,Олег Фролов
40,Алёна Родионова
41,Фёдор Маслов
42,Софья Миронова
43,Петр Богданов
44,Валерия Лазарева
45,Ярослав Сидоров
46,Марина Воробьева
47,Егор Белоусов
48,Злата Кузьмина
49,Станислав Ермаков
50,Надежда Шестакова
